drop table if exists CLASS_NUM;
drop table if exists SCHOOL;
drop table if exists STUDENT;
drop table if exists SUBJECT;
drop table if exists TEACHER;
drop table if exists TEST;

-- 学校
create table SCHOOL (
    CD char(3) primary key,
    NAME varchar(20) default null
);

-- クラス番号
create table CLASS_NUM (
    SCHOOL_CD char(3),
    CLASS_NUM varchar(5),
    primary key (SCHOOL_CD, CLASS_NUM),
    foreign key (SCHOOL_CD) references school(CD)
);

-- 学生
create table STUDENT (
    NO varchar(10) primary key,
    NAME varchar(10) default null,
    ENT_YEAR integer default null,
    CLASS_NUM char(3) default null,
    IS_ATTEND boolean default null,
    SCHOOL_CD char(3) default null,
    foreign key (CLASS_NUM) references CLASS_NUM(CLASS_NUM),
    foreign key (SCHOOL_CD) references SCHOOL(CD)
);

-- 科目
create table SUBJECT (
    SCHOOL_CD char(3),
    CD char(3),
    NAME varchar(20) default null,
    DELETED boolean default false,
    primary key (SCHOOL_CD, CD),
    foreign key (SCHOOL_CD) references SCHOOL(CD)
);

-- 教員
create table TEACHER (
    ID varchar(10) primary key,
    PASSWORD varchar(30) default null,
    NAME varchar(10) default null,
    SCHOOL_CD char(3) default null,
    foreign key (SCHOOL_CD) references SCHOOL(cd)
);

-- 得点
create table TEST (
    STUDENT_NO varchar(10),
    SUBJECT_CD char(3),
    SCHOOL_CD char(3),
    NO integer,
    POINT integer default null,
    CLASS_NUM varchar(5) default null,
    DELETED boolean default false,
    primary key (STUDENT_NO, SUBJECT_CD, SCHOOL_CD, NO),
    foreign key (STUDENT_NO) references STUDENT(NO),
    foreign key (SUBJECT_CD, SCHOOL_CD) references SUBJECT(CD, SCHOOL_CD),
    foreign key (CLASS_NUM, SCHOOL_CD) references CLASS_NUM(CLASS_NUM, SCHOOL_CD)
);


-- **************************************
-- 以下、サンプルデータ
-- **************************************

-- クラス番号
insert into CLASS_NUM (SCHOOL_CD, CLASS_NUM) values
('oom', '131'),
('oom', '201'),
('tky', '101'),
('tky', '201');

-- 学校
insert into SCHOOL (CD, NAME) values
('oom', '大宮校'),
('tky', '東京校');

-- 学生
insert into STUDENT (NO, NAME, ENT_YEAR, CLASS_NUM, IS_ATTEND, SCHOOL_CD) values
('2225001', '田原 基之', 2022, '201', TRUE, 'oom'),
('2225002', '太田 優菜', 2022, '201', TRUE, 'oom'),
('2225003', '三谷 陽向太', 2022, '201', TRUE, 'oom'),
('2225004', '福田 佳奈子', 2022, '201', TRUE, 'oom'),
('2225005', '小田 奏海', 2022, '201', TRUE, 'oom'),
('2225006', '井川 夏希', 2022, '201', TRUE, 'oom'),
('2225007', '黒崎 陽向', 2022, '201', TRUE, 'oom'),
('2225008', '松尾 邦雄', 2022, '201', TRUE, 'oom'),
('2225009', '窪田 彩来', 2022, '201', TRUE, 'oom'),
('2225010', '河崎 麻衣', 2022, '201', TRUE, 'oom'),
('2225011', '石丸 陽一', 2022, '201', TRUE, 'oom'),
('2225012', '福井 幸雄', 2022, '201', TRUE, 'oom'),
('2225013', '大澤 光正', 2022, '201', TRUE, 'oom'),
('2225014', '大前 明音', 2022, '201', TRUE, 'oom'),
('2225015', '土田 彩', 2022, '201', TRUE, 'oom'),
('2225016', '宮原 優', 2022, '201', TRUE, 'oom'),
('2225017', '相原 奏真', 2022, '201', TRUE, 'oom'),
('2225018', '河原 伸浩', 2022, '201', TRUE, 'oom'),
('2225019', '土田 大造', 2022, '201', TRUE, 'oom'),
('2225020', '熊田 桔梗', 2022, '201', TRUE, 'oom'),
('2225021', '長崎 香苗', 2022, '201', TRUE, 'oom'),
('2225022', '野崎 道夫', 2022, '201', TRUE, 'oom'),
('2225023', '谷村 勝雄', 2022, '201', TRUE, 'oom'),
('2225024', '神野 友子', 2022, '201', TRUE, 'oom'),
('2225025', '平川 理玖', 2022, '201', TRUE, 'oom'),
('2225026', '武田 明宏', 2022, '201', TRUE, 'oom'),
('2225027', '柳原 和裕', 2022, '201', TRUE, 'oom'),
('2225028', '富樫 正信', 2022, '201', TRUE, 'oom'),
('2225029', '中澤 千裕', 2022, '201', TRUE, 'oom'),
('2225030', '渡部 克宏', 2022, '201', TRUE, 'oom'),
('2325001', '青木 淳晟', 2023, '131', TRUE, 'oom'),
('2325002', '新井 康生', 2023, '131', TRUE, 'oom'),
('2325003', '江澤 克希', 2023, '131', TRUE, 'oom'),
('2325004', '加藤 伊織', 2023, '131', TRUE, 'oom'),
('2325005', '加藤 達也', 2023, '131', TRUE, 'oom'),
('2325006', '加賀見 光世', 2023, '131', TRUE, 'oom'),
('2325007', '北條 美緒', 2023, '131', TRUE, 'oom'),
('2325008', '北川 直輝', 2023, '131', TRUE, 'oom'),
('2325009', '梅田 彩', 2023, '131', TRUE, 'oom'),
('2325010', '上田 遥佳', 2023, '131', TRUE, 'oom'),
('2325011', '江頭 憲一', 2023, '131', TRUE, 'oom'),
('2325012', '大久保 正則', 2023, '131', TRUE, 'oom'),
('2325013', '大崎 惇也', 2023, '131', TRUE, 'oom'),
('2325014', '丹羽 真由美', 2023, '131', TRUE, 'oom'),
('2325015', '塚原 悠希', 2023, '131', TRUE, 'oom'),
('2325016', '豊田 彩', 2023, '131', TRUE, 'oom'),
('2325017', '中村 未央', 2023, '131', TRUE, 'oom'),
('2325018', '中村 裕美子', 2023, '131', TRUE, 'oom'),
('2325019', '田中 葵', 2023, '131', TRUE, 'oom'),
('2325020', '永田 早苗', 2023, '131', TRUE, 'oom'),
('2325021', '西尾 透', 2023, '131', TRUE, 'oom'),
('2325022', '野沢 彩', 2023, '131', TRUE, 'oom'),
('2325023', '林 玲奈', 2023, '131', TRUE, 'oom'),
('2325024', '畠山 和華', 2023, '131', TRUE, 'oom'),
('2325025', '堀江 晴香', 2023, '131', TRUE, 'oom'),
('2325026', '三枝 実夏', 2023, '131', TRUE, 'oom'),
('2325027', '松下 進', 2023, '131', TRUE, 'oom'),
('2325028', '本間 真', 2023, '131', TRUE, 'oom'),
('2325029', '山川 正義', 2023, '131', TRUE, 'oom'),
('2325030', '渡辺 理沙', 2023, '131', TRUE, 'oom'),
('2425001', '青木 陽菜', 2024, '201', TRUE, 'tky'),
('2425002', '石原 大樹', 2024, '201', TRUE, 'tky'),
('2425003', '横山 奈美', 2024, '201', TRUE, 'tky'),
('2425004', '和田 雄介', 2024, '201', TRUE, 'tky'),
('2425005', '井上 麻衣', 2024, '201', TRUE, 'tky'),
('2425006', '木下 翔', 2024, '201', TRUE, 'tky'),
('2425007', '石黒 舞衣', 2024, '201', TRUE, 'tky'),
('2425008', '田中 希美', 2024, '201', TRUE, 'tky'),
('2425009', '鈴木 愛理', 2024, '201', TRUE, 'tky'),
('2425010', '山田 花子', 2024, '201', TRUE, 'tky'),
('2425011', '佐藤 悠太', 2024, '201', TRUE, 'tky'),
('2425012', '斉藤 優子', 2024, '201', TRUE, 'tky'),
('2425013', '高橋 一夫', 2024, '201', TRUE, 'tky'),
('2425014', '渡辺 未来', 2024, '201', TRUE, 'tky'),
('2425015', '松田 雄大', 2024, '201', TRUE, 'tky'),
('2425016', '山口 雄大', 2024, '201', TRUE, 'tky'),
('2425017', '小林 絵美', 2024, '201', TRUE, 'tky'),
('2425018', '清水 未央', 2024, '201', TRUE, 'tky'),
('2425019', '高野 真理', 2024, '201', TRUE, 'tky'),
('2425020', '吉田 陽子', 2024, '201', TRUE, 'tky'),
('2425021', '佐々木 舞', 2024, '201', TRUE, 'tky'),
('2425022', '山口 瑞穂', 2024, '201', TRUE, 'tky'),
('2425023', '斉藤 龍之介', 2024, '201', TRUE, 'tky'),
('2425024', '村田 由貴', 2024, '201', TRUE, 'tky'),
('2425025', '中島 美和', 2024, '201', TRUE, 'tky'),
('2425026', '山田 悠香', 2024, '201', TRUE, 'tky'),
('2425027', '田中 悠', 2024, '201', TRUE, 'tky'),
('2425028', '鈴木 信一', 2024, '201', TRUE, 'tky'),
('2425029', '高橋 雄太', 2024, '201', TRUE, 'tky'),
('2425030', '田中 瑞穂', 2024, '201', TRUE, 'tky');


-- 得点
INSERT INTO TEST (STUDENT_NO, SUBJECT_CD, SCHOOL_CD, NO, POINT, CLASS_NUM)
VALUES
('2125001', 'B02', 'oom', 2, 80, '201'),
('2125001', 'D02', 'oom', 1, 27, '201'),
('2125002', 'B02', 'oom', 2, 55, '201'),
('2125002', 'D02', 'oom', 1, 26, '201'),
('2125003', 'B02', 'oom', 2, 36, '201'),
('2125003', 'D02', 'oom', 1, 23, '201'),
('2125004', 'B02', 'oom', 2, 89, '201'),
('2125004', 'D02', 'oom', 1, 9, '201'),
('2125005', 'B02', 'oom', 2, 87, '201'),
('2125005', 'D02', 'oom', 1, 41, '201'),
('2125006', 'B02', 'oom', 2, 53, '201'),
('2125006', 'D02', 'oom', 1, 22, '201'),
('2125007', 'B02', 'oom', 2, 23, '201'),
('2125007', 'D02', 'oom', 1, 62, '201'),
('2125008', 'B02', 'oom', 2, 99, '201'),
('2125008', 'D02', 'oom', 1, 64, '201'),
('2125009', 'B02', 'oom', 2, 54, '201'),
('2125009', 'D02', 'oom', 1, 81, '201'),
('2125010', 'B02', 'oom', 2, 34, '201'),
('2125010', 'D02', 'oom', 1, 79, '201'),
('2125011', 'B02', 'oom', 2, 22, '201'),
('2125011', 'D02', 'oom', 1, 66, '201'),
('2125012', 'B02', 'oom', 2, 22, '201'),
('2125012', 'D02', 'oom', 1, 59, '201'),
('2125013', 'B02', 'oom', 2, 17, '201'),
('2125013', 'D02', 'oom', 1, 25, '201'),
('2125014', 'B02', 'oom', 2, 69, '201'),
('2125014', 'D02', 'oom', 1, 95, '201'),
('2125015', 'B02', 'oom', 2, 30, '201'),
('2125015', 'D02', 'oom', 1, 33, '201'),
('2125016', 'B02', 'oom', 2, 67, '201'),
('2125016', 'D02', 'oom', 1, 13, '201'),
('2125017', 'B02', 'oom', 2, 74, '201'),
('2125017', 'D02', 'oom', 1, 58, '201'),
('2125018', 'B02', 'oom', 2, 55, '201'),
('2125018', 'D02', 'oom', 1, 62, '201'),
('2125019', 'B02', 'oom', 2, 44, '201'),
('2125019', 'D02', 'oom', 1, 27, '201'),
('2125020', 'B02', 'oom', 2, 21, '201'),
('2125020', 'D02', 'oom', 1, 29, '201'),
('2125021', 'B02', 'oom', 2, 36, '201'),
('2125021', 'D02', 'oom', 1, 72, '201'),
('2125022', 'B02', 'oom', 2, 10, '201'),
('2125022', 'D02', 'oom', 1, 14, '201'),
('2125023', 'B02', 'oom', 2, 68, '201'),
('2125023', 'D02', 'oom', 1, 50, '201'),
('2125024', 'B02', 'oom', 2, 85, '201'),
('2125024', 'D02', 'oom', 1, 12, '201'),
('2125025', 'B02', 'oom', 2, 47, '201'),
('2125025', 'D02', 'oom', 1, 38, '201'),
('2125026', 'B02', 'oom', 2, 82, '201'),
('2125026', 'D02', 'oom', 1, 76, '201'),
('2125027', 'B02', 'oom', 2, 65, '201'),
('2125027', 'D02', 'oom', 1, 98, '201'),
('2125028', 'B02', 'oom', 2, 45, '201'),
('2125028', 'D02', 'oom', 1, 33, '201'),
('2125029', 'B02', 'oom', 2, 52, '201'),
('2125029', 'D02', 'oom', 1, 30, '201'),
('2125030', 'B02', 'oom', 2, 52, '201'),
('2125030', 'D02', 'oom', 1, 85, '201'),
('2125001', 'A01', 'oom', 1, 1, '201'),
('2125002', 'A01', 'oom', 1, 2, '201'),
('2125003', 'A01', 'oom', 1, 3, '201'),
('2125004', 'A01', 'oom', 1, 4, '201'),
('2125005', 'A01', 'oom', 1, 5, '201'),
('2125006', 'A01', 'oom', 1, 6, '201'),
('2125007', 'A01', 'oom', 1, 7, '201'),
('2125008', 'A01', 'oom', 1, 8, '201'),
('2125009', 'A01', 'oom', 1, 9, '201'),
('2125010', 'A01', 'oom', 1, 10, '201'),
('2125011', 'A01', 'oom', 1, 11, '201'),
('2125012', 'A01', 'oom', 1, 12, '201'),
('2125013', 'A01', 'oom', 1, 13, '201'),
('2125014', 'A01', 'oom', 1, 14, '201'),
('2125015', 'A01', 'oom', 1, 15, '201'),
('2125016', 'A01', 'oom', 1, 16, '201'),
('2125017', 'A01', 'oom', 1, 17, '201'),
('2125018', 'A01', 'oom', 1, 18, '201'),
('2125019', 'A01', 'oom', 1, 19, '201'),
('2125020', 'A01', 'oom', 1, 20, '201'),
('2125021', 'A01', 'oom', 1, 21, '201'),
('2125022', 'A01', 'oom', 1, 22, '201'),
('2125023', 'A01', 'oom', 1, 23, '201'),
('2125024', 'A01', 'oom', 1, 24, '201'),
('2125025', 'A01', 'oom', 1, 25, '201'),
('2125026', 'A01', 'oom', 1, 26, '201'),
('2125027', 'A01', 'oom', 1, 27, '201'),
('2125028', 'A01', 'oom', 1, 28, '201'),
('2125029', 'A01', 'oom', 1, 29, '201'),
('2125030', 'A01', 'oom', 1, 30, '201'),
('2125001', 'A01', 'oom', 2, 100, '201'),
('2125002', 'A01', 'oom', 2, 99, '201'),
('2125003', 'A01', 'oom', 2, 98, '201'),
('2125004', 'A01', 'oom', 2, 97, '201'),
('2125005', 'A01', 'oom', 2, 96, '201'),
('2125006', 'A01', 'oom', 2, 95, '201'),
('2125007', 'A01', 'oom', 2, 94, '201'),
('2125008', 'A01', 'oom', 2, 93, '201'),
('2125009', 'A01', 'oom', 2, 92, '201'),
('2125010', 'A01', 'oom', 2, 91, '201'),
('2125011', 'A01', 'oom', 2, 90, '201'),
('2125012', 'A01', 'oom', 2, 89, '201'),
('2125013', 'A01', 'oom', 2, 88, '201'),
('2125014', 'A01', 'oom', 2, 87, '201'),
('2125015', 'A01', 'oom', 2, 86, '201'),
('2125016', 'A01', 'oom', 2, 85, '201'),
('2125017', 'A01', 'oom', 2, 84, '201'),
('2125018', 'A01', 'oom', 2, 83, '201'),
('2125019', 'A01', 'oom', 2, 82, '201'),
('2125020', 'A01', 'oom', 2, 81, '201'),
('2125021', 'A01', 'oom', 2, 80, '201'),
('2125022', 'A01', 'oom', 2, 79, '201'),
('2125023', 'A01', 'oom', 2, 78, '201'),
('2125024', 'A01', 'oom', 2, 77, '201'),
('2125025', 'A01', 'oom', 2, 76, '201'),
('2125026', 'A01', 'oom', 2, 75, '201'),
('2125027', 'A01', 'oom', 2, 74, '201'),
('2125028', 'A01', 'oom', 2, 73, '201'),
('2125029', 'A01', 'oom', 2, 72, '201'),
('2125030', 'A01', 'oom', 2, 71, '201'),
('2125001', 'A02', 'oom', 1, 38, '201'),
('2125002', 'A02', 'oom', 1, 73, '201'),
('2125003', 'A02', 'oom', 1, 2, '201'),
('2125004', 'A02', 'oom', 1, 58, '201'),
('2125005', 'A02', 'oom', 1, 71, '201'),
('2125006', 'A02', 'oom', 1, 54, '201'),
('2125007', 'A02', 'oom', 1, 20, '201'),
('2125008', 'A02', 'oom', 1, 16, '201'),
('2125009', 'A02', 'oom', 1, 16, '201'),
('2125010', 'A02', 'oom', 1, 95, '201'),
('2125011', 'A02', 'oom', 1, 13, '201'),
('2125012', 'A02', 'oom', 1, 62, '201'),
('2125013', 'A02', 'oom', 1, 6, '201'),
('2125014', 'A02', 'oom', 1, 78, '201'),
('2125015', 'A02', 'oom', 1, 37, '201'),
('2125016', 'A02', 'oom', 1, 44, '201'),
('2125017', 'A02', 'oom', 1, 72, '201'),
('2125018', 'A02', 'oom', 1, 100, '201'),
('2125019', 'A02', 'oom', 1, 59, '201'),
('2125020', 'A02', 'oom', 1, 68, '201'),
('2125021', 'A02', 'oom', 1, 38, '201'),
('2125022', 'A02', 'oom', 1, 87, '201'),
('2125023', 'A02', 'oom', 1, 47, '201'),
('2125024', 'A02', 'oom', 1, 48, '201'),
('2125025', 'A02', 'oom', 1, 35, '201'),
('2125026', 'A02', 'oom', 1, 34, '201'),
('2125027', 'A02', 'oom', 1, 88, '201'),
('2125028', 'A02', 'oom', 1, 92, '201'),
('2125029', 'A02', 'oom', 1, 15, '201'),
('2125030', 'A02', 'oom', 1, 67, '201'),
('2125001', 'A02', 'oom', 2, 24, '201'),
('2125002', 'A02', 'oom', 2, 64, '201'),
('2125003', 'A02', 'oom', 2, 38, '201'),
('2125004', 'A02', 'oom', 2, 85, '201'),
('2125005', 'A02', 'oom', 2, 83, '201'),
('2125006', 'A02', 'oom', 2, 78, '201'),
('2125007', 'A02', 'oom', 2, 0, '201'),
('2125008', 'A02', 'oom', 2, 67, '201'),
('2125009', 'A02', 'oom', 2, 29, '201'),
('2125010', 'A02', 'oom', 2, 70, '201'),
('2125011', 'A02', 'oom', 2, 39, '201'),
('2125012', 'A02', 'oom', 2, 35, '201'),
('2125013', 'A02', 'oom', 2, 37, '201'),
('2125014', 'A02', 'oom', 2, 56, '201'),
('2125015', 'A02', 'oom', 2, 44, '201'),
('2125016', 'A02', 'oom', 2, 80, '201'),
('2125017', 'A02', 'oom', 2, 50, '201'),
('2125018', 'A02', 'oom', 2, 79, '201'),
('2125019', 'A02', 'oom', 2, 38, '201'),
('2125020', 'A02', 'oom', 2, 38, '201'),
('2125021', 'A02', 'oom', 2, 5, '201'),
('2125022', 'A02', 'oom', 2, 55, '201'),
('2125023', 'A02', 'oom', 2, 1, '201'),
('2125024', 'A02', 'oom', 2, 2, '201'),
('2125025', 'A02', 'oom', 2, 40, '201'),
('2125026', 'A02', 'oom', 2, 46, '201'),
('2125027', 'A02', 'oom', 2, 95, '201'),
('2125028', 'A02', 'oom', 2, 15, '201'),
('2125029', 'A02', 'oom', 2, 14, '201'),
('2125030', 'A02', 'oom', 2, 54, '201'),
('2125001', 'B01', 'oom', 1, 94, '201'),
('2125002', 'B01', 'oom', 1, 93, '201'),
('2125003', 'B01', 'oom', 1, 29, '201'),
('2125004', 'B01', 'oom', 1, 49, '201'),
('2125005', 'B01', 'oom', 1, 50, '201'),
('2125006', 'B01', 'oom', 1, 21, '201'),
('2125007', 'B01', 'oom', 1, 35, '201'),
('2125008', 'B01', 'oom', 1, 69, '201'),
('2125009', 'B01', 'oom', 1, 92, '201'),
('2125010', 'B01', 'oom', 1, 39, '201'),
('2125011', 'B01', 'oom', 1, 45, '201'),
('2125012', 'B01', 'oom', 1, 69, '201'),
('2125013', 'B01', 'oom', 1, 79, '201'),
('2125014', 'B01', 'oom', 1, 20, '201'),
('2125015', 'B01', 'oom', 1, 49, '201'),
('2125016', 'B01', 'oom', 1, 57, '201'),
('2125017', 'B01', 'oom', 1, 29, '201'),
('2125018', 'B01', 'oom', 1, 58, '201'),
('2125019', 'B01', 'oom', 1, 49, '201'),
('2125020', 'B01', 'oom', 1, 59, '201'),
('2125021', 'B01', 'oom', 1, 70, '201'),
('2125022', 'B01', 'oom', 1, 61, '201'),
('2125023', 'B01', 'oom', 1, 62, '201'),
('2125024', 'B01', 'oom', 1, 63, '201'),
('2125025', 'B01', 'oom', 1, 44, '201'),
('2125026', 'B01', 'oom', 1, 45, '201'),
('2125027', 'B01', 'oom', 1, 46, '201'),
('2125028', 'B01', 'oom', 1, 47, '201'),
('2125029', 'B01', 'oom', 1, 48, '201'),
('2125030', 'B01', 'oom', 1, 49, '201'),
('2125001', 'B01', 'oom', 2, 5, '201'),
('2125002', 'B01', 'oom', 2, 6, '201'),
('2125003', 'B01', 'oom', 2, 78, '201'),
('2125004', 'B01', 'oom', 2, 8, '201'),
('2125005', 'B01', 'oom', 2, 9, '201'),
('2125006', 'B01', 'oom', 2, 10, '201'),
('2125007', 'B01', 'oom', 2, 11, '201'),
('2125008', 'B01', 'oom', 2, 12, '201'),
('2125009', 'B01', 'oom', 2, 13, '201'),
('2125010', 'B01', 'oom', 2, 14, '201'),
('2125011', 'B01', 'oom', 2, 15, '201'),
('2125012', 'B01', 'oom', 2, 16, '201'),
('2125013', 'B01', 'oom', 2, 17, '201'),
('2125014', 'B01', 'oom', 2, 18, '201'),
('2125015', 'B01', 'oom', 2, 19, '201'),
('2125016', 'B01', 'oom', 2, 20, '201'),
('2125017', 'B01', 'oom', 2, 21, '201'),
('2125018', 'B01', 'oom', 2, 22, '201'),
('2125019', 'B01', 'oom', 2, 23, '201'),
('2125020', 'B01', 'oom', 2, 24, '201'),
('2125021', 'B01', 'oom', 2, 25, '201'),
('2125022', 'B01', 'oom', 2, 26, '201'),
('2125023', 'B01', 'oom', 2, 27, '201'),
('2125024', 'B01', 'oom', 2, 28, '201'),
('2125025', 'B01', 'oom', 2, 29, '201'),
('2125026', 'B01', 'oom', 2, 30, '201'),
('2125027', 'B01', 'oom', 2, 31, '201'),
('2125028', 'B01', 'oom', 2, 32, '201'),
('2125029', 'B01', 'oom', 2, 33, '201'),
('2125030', 'B01', 'oom', 2, 34, '201'),
('2125001', 'B02', 'oom', 1, 1, '201'),
('2125002', 'B02', 'oom', 1, 2, '201'),
('2125003', 'B02', 'oom', 1, 3, '201'),
('2125004', 'B02', 'oom', 1, 4, '201'),
('2125005', 'B02', 'oom', 1, 5, '201'),
('2125006', 'B02', 'oom', 1, 6, '201'),
('2125007', 'B02', 'oom', 1, 7, '201'),
('2125008', 'B02', 'oom', 1, 8, '201'),
('2125009', 'B02', 'oom', 1, 9, '201'),
('2125010', 'B02', 'oom', 1, 10, '201'),
('2125011', 'B02', 'oom', 1, 11, '201'),
('2125012', 'B02', 'oom', 1, 12, '201'),
('2125013', 'B02', 'oom', 1, 13, '201'),
('2125014', 'B02', 'oom', 1, 14, '201'),
('2125015', 'B02', 'oom', 1, 15, '201'),
('2125016', 'B02', 'oom', 1, 16, '201'),
('2125017', 'B02', 'oom', 1, 17, '201'),
('2125018', 'B02', 'oom', 1, 18, '201'),
('2125019', 'B02', 'oom', 1, 19, '201'),
('2125020', 'B02', 'oom', 1, 20, '201'),
('2125021', 'B02', 'oom', 1, 21, '201'),
('2125022', 'B02', 'oom', 1, 22, '201'),
('2125023', 'B02', 'oom', 1, 23, '201'),
('2125024', 'B02', 'oom', 1, 24, '201'),
('2125025', 'B02', 'oom', 1, 25, '201'),
('2125026', 'B02', 'oom', 1, 26, '201'),
('2125027', 'B02', 'oom', 1, 27, '201'),
('2125028', 'B02', 'oom', 1, 28, '201'),
('2125029', 'B02', 'oom', 1, 29, '201'),
('2125030', 'B02', 'oom', 1, 30, '201'),
('2125001', 'B02', 'oom', 2, 100, '201'),
('2125002', 'B02', 'oom', 2, 99, '201'),
('2125003', 'B02', 'oom', 2, 98, '201'),
('2125004', 'B02', 'oom', 2, 97, '201'),
('2125005', 'B02', 'oom', 2, 96, '201'),
('2125006', 'B02', 'oom', 2, 95, '201'),
('2125007', 'B02', 'oom', 2, 94, '201'),
('2125008', 'B02', 'oom', 2, 93, '201'),
('2125009', 'B02', 'oom', 2, 92, '201'),
('2125010', 'B02', 'oom', 2, 91, '201'),
('2125011', 'B02', 'oom', 2, 90, '201'),
('2125012', 'B02', 'oom', 2, 89, '201'),
('2125013', 'B02', 'oom', 2, 88, '201'),
('2125014', 'B02', 'oom', 2, 87, '201'),
('2125015', 'B02', 'oom', 2, 86, '201'),
('2125016', 'B02', 'oom', 2, 85, '201'),
('2125017', 'B02', 'oom', 2, 84, '201'),
('2125018', 'B02', 'oom', 2, 83, '201'),
('2125019', 'B02', 'oom', 2, 82, '201'),
('2125020', 'B02', 'oom', 2, 81, '201'),
('2125021', 'B02', 'oom', 2, 80, '201'),
('2125022', 'B02', 'oom', 2, 79, '201'),
('2125023', 'B02', 'oom', 2, 78, '201'),
('2125024', 'B02', 'oom', 2, 77, '201'),
('2125025', 'B02', 'oom', 2, 76, '201'),
('2125026', 'B02', 'oom', 2, 75, '201'),
('2125027', 'B02', 'oom', 2, 74, '201'),
('2125028', 'B02', 'oom', 2, 73, '201'),
('2125029', 'B02', 'oom', 2, 72, '201'),
('2125030', 'B02', 'oom', 2, 71, '201'),
('2125001', 'B03', 'oom', 1, 1, '201'),
('2125002', 'B03', 'oom', 1, 2, '201'),
('2125003', 'B03', 'oom', 1, 3, '201'),
('2125004', 'B03', 'oom', 1, 4, '201'),
('2125005', 'B03', 'oom', 1, 5, '201'),
('2125006', 'B03', 'oom', 1, 6, '201'),
('2125007', 'B03', 'oom', 1, 7, '201'),
('2125008', 'B03', 'oom', 1, 8, '201'),
('2125009', 'B03', 'oom', 1, 9, '201'),
('2125010', 'B03', 'oom', 1, 10, '201'),
('2125011', 'B03', 'oom', 1, 11, '201'),
('2125012', 'B03', 'oom', 1, 12, '201'),
('2125013', 'B03', 'oom', 1, 13, '201'),
('2125014', 'B03', 'oom', 1, 14, '201'),
('2125015', 'B03', 'oom', 1, 15, '201'),
('2125016', 'B03', 'oom', 1, 16, '201'),
('2125017', 'B03', 'oom', 1, 17, '201'),
('2125018', 'B03', 'oom', 1, 18, '201'),
('2125019', 'B03', 'oom', 1, 19, '201'),
('2125020', 'B03', 'oom', 1, 20, '201'),
('2125021', 'B03', 'oom', 1, 21, '201'),
('2125022', 'B03', 'oom', 1, 22, '201'),
('2125023', 'B03', 'oom', 1, 23, '201'),
('2125024', 'B03', 'oom', 1, 24, '201'),
('2125025', 'B03', 'oom', 1, 25, '201'),
('2125026', 'B03', 'oom', 1, 26, '201'),
('2125027', 'B03', 'oom', 1, 27, '201'),
('2125028', 'B03', 'oom', 1, 28, '201'),
('2125029', 'B03', 'oom', 1, 29, '201'),
('2125030', 'B03', 'oom', 1, 30, '201'),
('2125001', 'B03', 'oom', 2, 100, '201'),
('2125002', 'B03', 'oom', 2, 99, '201'),
('2125003', 'B03', 'oom', 2, 98, '201'),
('2125004', 'B03', 'oom', 2, 97, '201'),
('2125005', 'B03', 'oom', 2, 96, '201'),
('2125006', 'B03', 'oom', 2, 95, '201'),
('2125007', 'B03', 'oom', 2, 94, '201'),
('2125008', 'B03', 'oom', 2, 93, '201'),
('2125009', 'B03', 'oom', 2, 92, '201'),
('2125010', 'B03', 'oom', 2, 91, '201'),
('2125011', 'B03', 'oom', 2, 90, '201'),
('2125012', 'B03', 'oom', 2, 89, '201'),
('2125013', 'B03', 'oom', 2, 88, '201'),
('2125014', 'B03', 'oom', 2, 87, '201'),
('2125015', 'B03', 'oom', 2, 86, '201'),
('2125016', 'B03', 'oom', 2, 85, '201'),
('2125017', 'B03', 'oom', 2, 84, '201'),
('2125018', 'B03', 'oom', 2, 83, '201'),
('2125019', 'B03', 'oom', 2, 82, '201'),
('2125020', 'B03', 'oom', 2, 81, '201'),
('2125021', 'B03', 'oom', 2, 80, '201'),
('2125022', 'B03', 'oom', 2, 79, '201'),
('2125023', 'B03', 'oom', 2, 78, '201'),
('2125024', 'B03', 'oom', 2, 77, '201'),
('2125025', 'B03', 'oom', 2, 76, '201'),
('2125026', 'B03', 'oom', 2, 75, '201'),
('2125027', 'B03', 'oom', 2, 74, '201'),
('2125028', 'B03', 'oom', 2, 73, '201'),
('2125029', 'B03', 'oom', 2, 72, '201'),
('2125030', 'B03', 'oom', 2, 71, '201');
